ind,code_of_account,account_description,total_cost,level,supaccount,review_status,prn,gncoa,gn_level,gn_supaccount,gn_ind
1,2,Total Direct Cost,6673722963.402767,0,,Unchanged,,,,,
2,21,Structures and Improvements,1873207638.849651,1,2,Unchanged,,,,,
3,211,Yardwork,168782503.14335844,2,21,Unchanged,,,,,
4,211.1,General Yardwork,20891852.483847443,3,211,Unchanged,,,,,
5,211.4,Railroads,24779275.440519396,3,211,Unchanged,,,,,
6,211.7,Structure Associated Yardwork,123111375.21899164,3,211,Unchanged,,,,,
7,211.71,Cut & Fill,123111375.21899164,4,211.7,Unchanged,,,,,
8,212,Reactor Containment Building,1230414488.4331355,2,21,Unchanged,,,,,
9,212.1,Building Structure,1142969011.3226616,3,212,Unchanged,,,,,
10,212.13,Substructure Concrete,54782091.19215378,4,212.1,Unchanged,,,,,
11,212.14,Superstructure,306070909.6601447,4,212.1,Unchanged,,,,,
12,212.15,Containment Liner,782116010.4703628,4,212.1,Unchanged,,,,,
13,212.2,Building Services,36454501.72844233,3,212,Unchanged,,,,,
14,212.21,Plumbing & Drains,4027819.749719793,4,212.2,Unchanged,,,,,
15,212.22,"Heating, Ventilation, & Air Conditioning",898493.0499134801,4,212.2,Unchanged,,,,,
16,212.23,Safety HVAC,16823086.001537487,4,212.2,Unchanged,,,,,
17,212.24,Lighting & Service Power,13792794.68285957,4,212.2,Unchanged,,,,,
18,212.25,Elevator,912308.2444120044,4,212.2,Unchanged,,,,,
19,212.3,Passive cooling pool,50990975.38203157,3,212,Unchanged,,,,,
20,213,Turbine Room & Heater Bay,204469475.50302848,2,21,Unchanged,,,,,
21,213.1,Building Structure,176457081.073024,3,213,Unchanged,,,,,
22,213.13,Substructure Concrete,41050593.41581689,4,213.1,Unchanged,,,,,
23,213.14,Superstructure,135406487.65720716,4,213.1,Unchanged,,,,,
24,213.2,Building Services,28012394.430004448,3,213,Unchanged,,,,,
25,213.21,Plumbing & Drains,12633379.285833916,4,213.2,Unchanged,,,,,
26,213.22,"Heating, Ventilation, & Air Conditioning",9119488.030590547,4,213.2,Unchanged,,,,,
27,213.24,Lighting & Service Power,5301423.908740272,4,213.2,Unchanged,,,,,
28,213.25,Elevator,958103.20483971,4,213.2,Unchanged,,,,,
29,214,Security Building,12937560.497847723,2,21,Unchanged,,,,,
30,215,Primary Auxiliary Building & Tunnels,83112013.14095506,2,21,Unchanged,,,,,
31,215.1,Building Structure,49694983.488583684,3,215,Unchanged,,,,,
32,215.13,Substructure Concrete,3952439.0007155742,4,215.1,Unchanged,,,,,
33,215.14,Superstructure,45742544.487868115,4,215.1,Unchanged,,,,,
34,215.2,Building Services,33417029.652371366,3,215,Unchanged,,,,,
35,215.21,Plumbing & Drains,1991401.7359131363,4,215.2,Unchanged,,,,,
36,215.22,"Heating, Ventilation, & Air Conditioning",24435465.550044075,4,215.2,Unchanged,,,,,
37,215.23,Special HVAC (Safety Related),3704388.5857556695,4,215.2,Unchanged,,,,,
38,215.24,Lighting & Service Power,1885412.5602587564,4,215.2,Unchanged,,,,,
39,215.25,Elevator,1400361.2203997339,4,215.2,Unchanged,,,,,
40,216,Waste Process Building,60663948.80679136,2,21,Unchanged,,,,,
41,216.1,Building Structure,44207457.06284517,3,216,Unchanged,,,,,
42,216.13,Substructure Concrete,11377061.455771118,4,216.1,Unchanged,,,,,
43,216.14,Superstructure,32830395.607074056,4,216.1,Unchanged,,,,,
44,216.2,Building Services,16456491.743946176,3,216,Unchanged,,,,,
45,216.21,Plumbing & Drains,1377284.1964750844,4,216.2,Unchanged,,,,,
46,216.22,"Heating, Ventilation, & Air Conditioning",12395880.603823118,4,216.2,Unchanged,,,,,
47,216.24,Lighting & Service Power,1119835.3570465804,4,216.2,Unchanged,,,,,
48,216.25,Elevator,1563491.5866013942,4,216.2,Unchanged,,,,,
49,217,Fuel Storage Building,55201573.4166803,2,21,Unchanged,,,,,
50,217.1,Building Structure,17998456.395279925,3,217,Unchanged,,,,,
51,217.13,Substructure Concrete,2064892.430889888,4,217.1,Unchanged,,,,,
52,217.3,Storage Pool Liner - S.S.,24475668.951477226,3,217,Unchanged,,,,,
53,217.14,Superstructure,15933563.964390041,4,217.1,Unchanged,,,,,
54,217.2,Building Services,12727448.069923127,3,217,Unchanged,,,,,
55,217.21,Plumbing & Drains,955916.0065678685,4,217.2,Unchanged,,,,,
56,217.22,"Heating, Ventilation, & Air Conditioning",4861072.217268364,4,217.2,Unchanged,,,,,
57,217.23,Special HVAC (Safety Related),6156307.424254139,4,217.2,Unchanged,,,,,
58,217.24,Lighting & Service Power,754152.4218327566,4,217.2,Unchanged,,,,,
59,218,Other Structures,57626075.90785454,2,21,Unchanged,,,,,
60,218A,Control Room/D-G Building,17842710.225915316,3,218,Unchanged,,,,,
61,218A.1,Building Structure,7552999.208929795,4,218A,Unchanged,,,,,
62,218A.2,Building Services,10289711.016985524,4,218A,Unchanged,,,,,
63,218B,Administrative & Service Building,16039655.055419082,3,218,Unchanged,,,,,
64,218B.1,Building Structure,0.0,4,218B,Unchanged,,,,,
65,218B.2,Building Services,16039655.055419082,4,218B,Unchanged,,,,,
66,218D,"Fire Pump House, Including Foundations",3498591.1410959125,3,218,Unchanged,,,,,
67,218E,Emergency Feed Pump Building,465356.0145923888,3,218,Unchanged,,,,,
68,218F,Manway Tunnels (RCA Tunnels),7482256.12480147,3,218,Unchanged,,,,,
69,218G,Electrical Tunnels,0.0,3,218,Unchanged,,,,,
70,218H,Non-essential SWGR Building,0.0,3,218,Unchanged,,,,,
71,218J,Main Steam & Feedwater Pipe Enclosure,1727387.8072727574,3,218,Unchanged,,,,,
72,218K,Pipe Tunnels,2575046.271614227,3,218,Unchanged,,,,,
73,218L,Technical Support Center,6515970.208274861,3,218,Unchanged,,,,,
74,218P,Containment EQ Hatch Missile Shield,0.0,3,218,Unchanged,,,,,
75,218S,Waste Water Treatment,0.0,3,218,Unchanged,,,,,
76,218T,Ultimate Heat Sink Structure,793673.3259753571,3,218,Unchanged,,,,,
77,218V,Control Room Emergency Air Intake Structure,685429.732893157,3,218,Unchanged,,,,,
78,22,Reactor Plant Equipment,1978563704.45362,1,2,Unchanged,,,,,
79,221,Reactor Equipment,436647141.1691203,2,22,Unchanged,,,,,
80,221.1,Reactor Vessel + Accessory,194650093.50673,3,221,Unchanged,,,,,
81,221.3,Vessel Internals,135744316.9159802,3,221,Unchanged,,,,,
82,221.2,Reactor Control Devices,106252730.74641006,3,221,Unchanged,,,,,
83,222,Main Heat Transfer Transport System ,803531721.3128287,2,22,Unchanged,,,,,
84,222.1,Reactor Core Coolant System,803531721.3128287,3,222,Unchanged,,,,,
85,222.11,Fluid Circulation Drive System,282920388.4380706,4,222.1,Unchanged,,,,,
86,222.12,Reactor Coolant Piping System,51654752.73456537,4,222.1,Unchanged,,,,,
87,222.13,Steam Generator Equipment,442165486.4023688,4,222.1,Unchanged,,,,,
88,222.14,Pressurizing System,26791093.737823967,4,222.1,Unchanged,,,,,
89,223,Safeguards System,146834379.21079648,2,22,Unchanged,,,,,
90,223.1,Residual Heat Removal System,35205938.091586985,3,223,Unchanged,,,,,
91,223.3,Safety Injection System,65250929.599796526,3,223,Unchanged,,,,,
92,223.4,Containment Spray System,40007170.44362261,3,223,Unchanged,,,,,
93,223.5,Combustible Gas Control System,6370341.075790359,3,223,Unchanged,,,,,
94,224,Radwaste Processing,135468680.4054172,2,22,Unchanged,,,,,
95,224.1,Liquid Waste System,82252518.70873566,3,224,Unchanged,,,,,
96,224.2,Rad Gas Waste Processing,8286722.548907097,3,224,Unchanged,,,,,
97,224.3,Solid Waste System,44929439.147774465,3,224,Unchanged,,,,,
98,225,Fuel Handling & Storage,15044786.65867414,2,22,Unchanged,,,,,
99,225.1,Fuel Handling Tools & Equipment,6627755.881607549,3,225,Unchanged,,,,,
100,225.11,Cranes & Hoists,3816597.04457259,4,225.1,Unchanged,,,,,
101,225.12,Fuel Handling Tools,527467.2508061577,4,225.1,Unchanged,,,,,
102,225.13,Transfer Systems,2283691.586228801,4,225.1,Unchanged,,,,,
103,225.3,Service Platforms,565652.8477431276,3,225,Unchanged,,,,,
104,225.4,"Fuel Storage, Cleaning, & Inspection Equipment",7851377.929323461,3,225,Unchanged,,,,,
105,226,Other Reactor Plant Equipment,217034381.49916795,2,22,Unchanged,,,,,
106,226.1,Inert Gas System,6478973.483468266,3,226,Unchanged,,,,,
107,226.3,Reactor Makeup Water System,8055980.922054843,3,226,Unchanged,,,,,
108,226.4,Coolant Treatment & Recycle,80264413.80225438,3,226,Unchanged,,,,,
109,226.6,Fluid Leak Detection System,683081.5900287407,3,226,Unchanged,,,,,
110,226.7,Auxiliary Cooling System,103529986.76730517,3,226,Unchanged,,,,,
111,226.71,Nuclear Service Water System,64594822.54068118,4,226.7,Unchanged,,,,,
112,226.72,Primary Component Cooling Water,38935164.22662399,4,226.7,Unchanged,,,,,
113,226.8,Maintenance Equipment,14600097.89126898,3,226,Unchanged,,,,,
114,226.9,Sampling Equipment,3421847.04278761,3,226,Unchanged,,,,,
115,227,Reactor Instrumentation & Control,165884743.97171694,2,22,Unchanged,,,,,
116,227.1,"Benchboard, Panels, & Racks",25396701.74235141,3,227,Unchanged,,,,,
117,227.11,NSS Control Board,9566182.470017599,4,227.1,Unchanged,,,,,
118,227.15,HVAC Panels,1014908.0002355119,4,227.1,Unchanged,,,,,
119,227.16,Radwaste Panels & Racks,4124796.8653544546,4,227.1,Unchanged,,,,,
120,227.17,Local Panels & Cabinets,4021371.1958536203,4,227.1,Unchanged,,,,,
121,227.18,Instrument Ranks,4213589.6830765335,4,227.1,Unchanged,,,,,
122,227.19,Alarm System,2455853.527813689,4,227.1,Unchanged,,,,,
123,227.2,Process Computer,21631675.302527957,3,227,Unchanged,,,,,
124,227.3,Monitoring Systems,27207796.46122607,3,227,Unchanged,,,,,
125,227.4,Plant Control Systems,26158165.247678667,3,227,Unchanged,,,,,
126,227.5,Reactor Plant I&C Tubing & Fitting,35358636.16232905,3,227,Unchanged,,,,,
127,227.9,TMI Instrumentation,30131769.05560378,3,227,Unchanged,,,,,
128,228,Reactor Plant Miscellaneous Items,58117870.22589826,2,22,Unchanged,,,,,
129,229,NuScale Equipment,0.0,2,22,Unchanged,,,,,
130,23,Turbine Plant Equipment,1661276981.473502,1,2,Unchanged,,,,,
131,24,Electric Plant Equipment,414764743.48911834,1,2,Unchanged,,,,,
132,241,Switchgear,40583479.59227533,2,24,Unchanged,,,,,
133,242,Station Service Equipment,33740935.83709804,2,24,Unchanged,,,,,
134,243,Switchboards,10956345.435128992,2,24,Unchanged,,,,,
135,244,Protective Equipment,31465601.126271766,2,24,Unchanged,,,,,
136,245,Electrical Structure & Wiring Container,169687359.82378706,2,24,Unchanged,,,,,
137,246,Power & Control Wiring,128331021.67455725,2,24,Unchanged,,,,,
138,25,Miscellaneous Plant Equipment,371576306.841614,1,2,Unchanged,,,,,
139,251,Transportation & Lift Equipment,39491290.09462979,2,25,Unchanged,,,,,
140,251.1,Cranes & Hoists,39491290.09462979,3,251,Unchanged,,,,,
141,251.11,Turbine Building Crane,13049639.291037686,4,251.1,Unchanged,,,,,
142,251.12,Reactor Containment Building Crane,19732703.307493243,4,251.1,Unchanged,,,,,
143,251.16,"Miscellaneous Cranes, Hoists, & Monorails",3720702.0546882707,4,251.1,Unchanged,,,,,
144,251.17,Diesel Building Cranes,2988245.441410582,4,251.1,Unchanged,,,,,
145,252,"Air, Water, & Steam Service System",260843366.58474135,2,25,Unchanged,,,,,
146,252.1,Air Systems,56316743.29113243,3,252,Unchanged,,,,,
147,252.2,Water Systems,166825806.6504147,3,252,Unchanged,,,,,
148,252.3,Auxiliary Steam System,35545391.52213412,3,252,Unchanged,,,,,
149,252.4,Plant Fuel Oil System,2155425.121060117,3,252,Unchanged,,,,,
150,253,Communications Equipment,37289358.5626039,2,25,Unchanged,,,,,
151,254,Furnishings & Fixtures,14900567.948064338,2,25,Unchanged,,,,,
152,255,Waste Water Treatment Equipment,19051723.65157467,2,25,Unchanged,,,,,
153,26,Main Condenser Heat Reject System,374333588.2952605,1,2,Unchanged,,,,,
154,261,Structures,38491487.011269145,2,26,Unchanged,,,,,
155,262,Mechanical Equipment,335842101.28399134,2,26,Unchanged,,,,,
156,262.1,Heat Rejection System,335842101.28399134,3,262,Unchanged,,,,,
157,262.11,Water Intake Equipment,3291091.3551318785,4,262.1,Unchanged,,,,,
158,262.12,Circulating Water System,106698208.86965643,4,262.1,Unchanged,,,,,
159,262.13,Cooling Towers,215486884.4853577,4,262.1,Unchanged,,,,,
160,262.14,Cooling Tower Basins,709023.1474226845,4,262.1,Unchanged,,,,,
161,262.15,Main Cooling Tower Makeup & Blowdown System,9656893.426422631,4,262.1,Unchanged,,,,,
162,219,Reactor Shield Building,0.0,2,21,Unchanged,,,,,
